{
"lengthUnit": "mil",
"remark": [],
"components": {
	"fields": ["COMPONENT_NO", "COMPONENT_NAME", "LAYER", "X_COORDINATE", "Y_COORDINATE", "ANGLE"],
	"rows": [
		[1, "9V", "B", 290, -1575, 270],
		[2, "ENCODER", "T", 1225, -85, 0],
		[3, "GPS", "B", 2240, -1310, 0],
		[4, "LED", "T", 1220, -910, 0],
		[5, "MPU-6050", "B", 125, -1135, 0],
		[6, "NANO", "T", 875, -1580, 0],
		[7, "OLED", "T", 95, -90, 0],
		[8, "SD_READER", "B", 925, -335, 270],
		[9, "SPK", "T", 1755, -1935, 90],
		[10, "PAD1", "T", 1475, -1880, 0],
		[11, "PAD1", "B", 1475, -1880, 0],
		[12, "PAD2", "T", 1275, -1880, 0],
		[13, "PAD2", "B", 1275, -1880, 0],
		[14, "PAD3", "T", 875, -1880, 0],
		[15, "PAD3", "B", 875, -1880, 0],
		[16, "PAD4", "T", 175, -1280, 0],
		[17, "PAD4", "B", 175, -1280, 0],
		[18, "PAD5", "T", 375, -1280, 0],
		[19, "PAD5", "B", 375, -1280, 0],
		[20, "PAD6", "T", 575, -1280, 0],
		[21, "PAD6", "B", 575, -1280, 0],
		[22, "PAD7", "T", 775, -1280, 0],
		[23, "PAD7", "B", 775, -1280, 0],
		[24, "PAD8", "T", 975, -1280, 0],
		[25, "PAD8", "B", 975, -1280, 0],
		[26, "PAD9", "T", 1175, -1280, 0],
		[27, "PAD9", "B", 1175, -1280, 0],
		[28, "PAD10", "T", 1275, -1280, 0],
		[29, "PAD10", "B", 1275, -1280, 0],
		[30, "PAD11", "T", 1075, -1280, 0],
		[31, "PAD11", "B", 1075, -1280, 0],
		[32, "PAD12", "T", 875, -1280, 0],
		[33, "PAD12", "B", 875, -1280, 0],
		[34, "PAD13", "T", 675, -1280, 0],
		[35, "PAD13", "B", 675, -1280, 0],
		[36, "PAD14", "T", 475, -1280, 0],
		[37, "PAD14", "B", 475, -1280, 0],
		[38, "PAD15", "T", 275, -1280, 0],
		[39, "PAD15", "B", 275, -1280, 0],
		[40, "PAD16", "T", 175, -1880, 0],
		[41, "PAD16", "B", 175, -1880, 0],
		[42, "PAD17", "T", 975, -1880, 0],
		[43, "PAD17", "B", 975, -1880, 0],
		[44, "PAD18", "T", 1575, -1880, 0],
		[45, "PAD18", "B", 1575, -1880, 0],
		[46, "PAD19", "T", 482.4016, -154.9606, 0],
		[47, "PAD19", "B", 482.4016, -154.9606, 0],
		[48, "PAD20", "T", 580.8268, -154.9606, 0],
		[49, "PAD20", "B", 580.8268, -154.9606, 0],
		[50, "PAD21", "T", 679.252, -154.9606, 0],
		[51, "PAD21", "B", 679.252, -154.9606, 0],
		[52, "PAD22", "T", 777.6772, -154.9606, 0],
		[53, "PAD22", "B", 777.6772, -154.9606, 0],
		[54, "PAD23", "T", 1930, -1870, 0],
		[55, "PAD23", "B", 1930, -1870, 0],
		[56, "PAD24", "T", 2028.4252, -1870, 0],
		[57, "PAD24", "B", 2028.4252, -1870, 0],
		[58, "PAD25", "T", 2126.8504, -1870, 0],
		[59, "PAD25", "B", 2126.8504, -1870, 0],
		[60, "PAD26", "T", 175, -1090, 0],
		[61, "PAD26", "B", 175, -1090, 0],
		[62, "PAD27", "T", 175, -991.5748, 0],
		[63, "PAD27", "B", 175, -991.5748, 0],
		[64, "PAD28", "T", 175, -893.1496, 0],
		[65, "PAD28", "B", 175, -893.1496, 0],
		[66, "PAD29", "T", 175, -794.7244, 0],
		[67, "PAD29", "B", 175, -794.7244, 0],
		[68, "PAD30", "T", 290, -1525, 0],
		[69, "PAD30", "B", 290, -1525, 0],
		[70, "PAD31", "T", 290, -1625, 0],
		[71, "PAD31", "B", 290, -1625, 0],
		[72, "PAD32", "T", 2170, -150, 0],
		[73, "PAD32", "B", 2170, -150, 0],
		[74, "PAD33", "T", 2170, -248.4252, 0],
		[75, "PAD33", "B", 2170, -248.4252, 0],
		[76, "PAD34", "T", 2170, -346.8504, 0],
		[77, "PAD34", "B", 2170, -346.8504, 0],
		[78, "PAD35", "T", 2170, -445.2756, 0],
		[79, "PAD35", "B", 2170, -445.2756, 0],
		[80, "PAD36", "T", 2170, -543.7008, 0],
		[81, "PAD36", "B", 2170, -543.7008, 0],
		[82, "PAD37", "T", 2239.999, -1459.997, 0],
		[83, "PAD37", "B", 2239.999, -1459.997, 0],
		[84, "PAD38", "T", 2239.999, -1359.997, 0],
		[85, "PAD38", "B", 2239.999, -1359.997, 0],
		[86, "PAD39", "T", 2239.999, -1259.997, 0],
		[87, "PAD39", "B", 2239.999, -1259.997, 0],
		[88, "PAD40", "T", 2239.999, -1159.997, 0],
		[89, "PAD40", "B", 2239.999, -1159.997, 0],
		[90, "PAD41", "T", 1265, -955, 0],
		[91, "PAD42", "T", 1265, -1033.7402, 0],
		[92, "PAD43", "T", 1265, -1112.4804, 0],
		[93, "PAD44", "T", 925, -585, 0],
		[94, "PAD44", "B", 925, -585, 0],
		[95, "PAD45", "T", 925, -485, 0],
		[96, "PAD45", "B", 925, -485, 0],
		[97, "PAD46", "T", 925, -385, 0],
		[98, "PAD46", "B", 925, -385, 0],
		[99, "PAD47", "T", 925, -285, 0],
		[100, "PAD47", "B", 925, -285, 0],
		[101, "PAD48", "T", 925, -185, 0],
		[102, "PAD48", "B", 925, -185, 0],
		[103, "PAD49", "T", 925, -85, 0],
		[104, "PAD49", "B", 925, -85, 0]
	]
},
"pins": {
	"fields": ["PIN_NO", "PIN_NAME", "PIN_X", "PIN_Y", "LAYER", "PIN_TYPE", "NET_NAME", "NET_TYPE", "PAD_SHAPE", "PAD_SIZEX", "PAD_SIZEY", "HOLE_SIZE", "HOLE_LEN", "PAD_ANGLE"],
	"rows": [
		[1, "9V_1", 290, -1525, "T", "DIP", "VCC", "", "R", 66.929, 66.929, 39.37, 39.37, 270],
		[2, "9V_1", 290, -1525, "B", "DIP", "VCC", "", "R", 66.929, 66.929, 39.37, 39.37, 270],
		[3, "9V_2", 290, -1625, "T", "DIP", "GND", "GND", "C", 66.929, 66.929, 39.37, 39.37, 270],
		[4, "9V_2", 290, -1625, "B", "DIP", "GND", "GND", "C", 66.929, 66.929, 39.37, 39.37, 270],
		[5, "ENCODER_1", 2170, -150, "T", "DIP", "E_CLK", "", "C", 62.9921, 62.9921, 36, 36, 0],
		[6, "ENCODER_1", 2170, -150, "B", "DIP", "E_CLK", "", "C", 62.9921, 62.9921, 36, 36, 0],
		[7, "ENCODER_2", 2170, -248.4252, "T", "DIP", "E_DT", "", "C", 62.9921, 62.9921, 36, 36, 0],
		[8, "ENCODER_2", 2170, -248.4252, "B", "DIP", "E_DT", "", "C", 62.9921, 62.9921, 36, 36, 0],
		[9, "ENCODER_3", 2170, -346.8504, "T", "DIP", "E_SW", "", "C", 62.9921, 62.9921, 36, 36, 0],
		[10, "ENCODER_3", 2170, -346.8504, "B", "DIP", "E_SW", "", "C", 62.9921, 62.9921, 36, 36, 0],
		[11, "ENCODER_4", 2170, -445.2756, "T", "DIP", "+5V", "", "C", 62.9921, 62.9921, 36, 36, 0],
		[12, "ENCODER_4", 2170, -445.2756, "B", "DIP", "+5V", "", "C", 62.9921, 62.9921, 36, 36, 0],
		[13, "ENCODER_5", 2170, -543.7008, "T", "DIP", "GND", "GND", "R", 62.9921, 62.9921, 36, 36, 0],
		[14, "ENCODER_5", 2170, -543.7008, "B", "DIP", "GND", "GND", "R", 62.9921, 62.9921, 36, 36, 0],
		[15, "GPS_1", 2239.999, -1459.997, "T", "DIP", "+5V", "", "C", 60, 60, 39.37, 39.37, 0],
		[16, "GPS_1", 2239.999, -1459.997, "B", "DIP", "+5V", "", "C", 60, 60, 39.37, 39.37, 0],
		[17, "GPS_2", 2239.999, -1359.997, "T", "DIP", "TX", "", "C", 60, 60, 39.37, 39.37, 0],
		[18, "GPS_2", 2239.999, -1359.997, "B", "DIP", "TX", "", "C", 60, 60, 39.37, 39.37, 0],
		[19, "GPS_3", 2239.999, -1259.997, "T", "DIP", "RX", "", "C", 60, 60, 39.37, 39.37, 0],
		[20, "GPS_3", 2239.999, -1259.997, "B", "DIP", "RX", "", "C", 60, 60, 39.37, 39.37, 0],
		[21, "GPS_4", 2239.999, -1159.997, "T", "DIP", "GND", "GND", "C", 60, 60, 39.37, 39.37, 0],
		[22, "GPS_4", 2239.999, -1159.997, "B", "DIP", "GND", "GND", "C", 60, 60, 39.37, 39.37, 0],
		[23, "LED_1", 1265, -955, "T", "SMD", "GND", "GND", "R", 60, 60, 0, 0, 0],
		[24, "LED_2", 1265, -1033.7402, "T", "SMD", "LED", "", "C", 60, 60, 0, 0, 0],
		[25, "LED_3", 1265, -1112.4804, "T", "SMD", "+5V", "", "C", 60, 60, 0, 0, 0],
		[26, "MPU-6050_1", 175, -1090, "T", "DIP", "+5V", "", "C", 62.9921, 62.9921, 36, 36, 0],
		[27, "MPU-6050_1", 175, -1090, "B", "DIP", "+5V", "", "C", 62.9921, 62.9921, 36, 36, 0],
		[28, "MPU-6050_2", 175, -991.5748, "T", "DIP", "GND", "GND", "R", 62.9921, 62.9921, 36, 36, 0],
		[29, "MPU-6050_2", 175, -991.5748, "B", "DIP", "GND", "GND", "R", 62.9921, 62.9921, 36, 36, 0],
		[30, "MPU-6050_3", 175, -893.1496, "T", "DIP", "SCL", "", "C", 62.9921, 62.9921, 36, 36, 0],
		[31, "MPU-6050_3", 175, -893.1496, "B", "DIP", "SCL", "", "C", 62.9921, 62.9921, 36, 36, 0],
		[32, "MPU-6050_4", 175, -794.7244, "T", "DIP", "SDA", "", "C", 62.9921, 62.9921, 36, 36, 0],
		[33, "MPU-6050_4", 175, -794.7244, "B", "DIP", "SDA", "", "C", 62.9921, 62.9921, 36, 36, 0],
		[34, "MPU-6050_5", 175, -696.2992, "T", "DIP", "NET_1", "", "C", 62.9921, 62.9921, 36, 36, 0],
		[35, "MPU-6050_5", 175, -696.2992, "B", "DIP", "NET_1", "", "C", 62.9921, 62.9921, 36, 36, 0],
		[36, "MPU-6050_6", 175, -597.874, "T", "DIP", "NET_2", "", "C", 62.9921, 62.9921, 36, 36, 0],
		[37, "MPU-6050_6", 175, -597.874, "B", "DIP", "NET_2", "", "C", 62.9921, 62.9921, 36, 36, 0],
		[38, "MPU-6050_7", 175, -499.4488, "T", "DIP", "NET_3", "", "C", 62.9921, 62.9921, 36, 36, 0],
		[39, "MPU-6050_7", 175, -499.4488, "B", "DIP", "NET_3", "", "C", 62.9921, 62.9921, 36, 36, 0],
		[40, "MPU-6050_8", 175, -400, "T", "DIP", "NET_4", "", "C", 62.9921, 62.9921, 36, 36, 0],
		[41, "MPU-6050_8", 175, -400, "B", "DIP", "NET_4", "", "C", 62.9921, 62.9921, 36, 36, 0],
		[42, "NANO_1", 1575, -1280, "T", "DIP", "NET_5", "", "R", 62.992, 62.992, 35.434, 35.434, 0],
		[43, "NANO_1", 1575, -1280, "B", "DIP", "NET_5", "", "R", 62.992, 62.992, 35.434, 35.434, 0],
		[44, "NANO_2", 1475, -1280, "T", "DIP", "NET_6", "", "C", 62.992, 62.992, 35.434, 35.434, 0],
		[45, "NANO_2", 1475, -1280, "B", "DIP", "NET_6", "", "C", 62.992, 62.992, 35.434, 35.434, 0],
		[46, "NANO_3", 1375, -1280, "T", "DIP", "NET_7", "", "C", 62.992, 62.992, 35.434, 35.434, 0],
		[47, "NANO_3", 1375, -1280, "B", "DIP", "NET_7", "", "C", 62.992, 62.992, 35.434, 35.434, 0],
		[48, "NANO_4", 1275, -1280, "T", "DIP", "GND", "GND", "C", 62.992, 62.992, 35.434, 35.434, 0],
		[49, "NANO_4", 1275, -1280, "B", "DIP", "GND", "GND", "C", 62.992, 62.992, 35.434, 35.434, 0],
		[50, "NANO_5", 1175, -1280, "T", "DIP", "E_CLK", "", "C", 62.992, 62.992, 35.434, 35.434, 0],
		[51, "NANO_5", 1175, -1280, "B", "DIP", "E_CLK", "", "C", 62.992, 62.992, 35.434, 35.434, 0],
		[52, "NANO_6", 1075, -1280, "T", "DIP", "E_DT", "", "C", 62.992, 62.992, 35.434, 35.434, 0],
		[53, "NANO_6", 1075, -1280, "B", "DIP", "E_DT", "", "C", 62.992, 62.992, 35.434, 35.434, 0],
		[54, "NANO_7", 975, -1280, "T", "DIP", "TX", "", "C", 62.992, 62.992, 35.434, 35.434, 0],
		[55, "NANO_7", 975, -1280, "B", "DIP", "TX", "", "C", 62.992, 62.992, 35.434, 35.434, 0],
		[56, "NANO_8", 875, -1280, "T", "DIP", "RX", "", "C", 62.992, 62.992, 35.434, 35.434, 0],
		[57, "NANO_8", 875, -1280, "B", "DIP", "RX", "", "C", 62.992, 62.992, 35.434, 35.434, 0],
		[58, "NANO_9", 775, -1280, "T", "DIP", "BUZ_VCC", "", "C", 62.992, 62.992, 35.434, 35.434, 0],
		[59, "NANO_9", 775, -1280, "B", "DIP", "BUZ_VCC", "", "C", 62.992, 62.992, 35.434, 35.434, 0],
		[60, "NANO_10", 675, -1280, "T", "DIP", "E_SW", "", "C", 62.992, 62.992, 35.434, 35.434, 0],
		[61, "NANO_10", 675, -1280, "B", "DIP", "E_SW", "", "C", 62.992, 62.992, 35.434, 35.434, 0],
		[62, "NANO_11", 575, -1280, "T", "DIP", "LED", "", "C", 62.992, 62.992, 35.434, 35.434, 0],
		[63, "NANO_11", 575, -1280, "B", "DIP", "LED", "", "C", 62.992, 62.992, 35.434, 35.434, 0],
		[64, "NANO_12", 475, -1280, "T", "DIP", "BUZ", "", "C", 62.992, 62.992, 35.434, 35.434, 0],
		[65, "NANO_12", 475, -1280, "B", "DIP", "BUZ", "", "C", 62.992, 62.992, 35.434, 35.434, 0],
		[66, "NANO_13", 375, -1280, "T", "DIP", "CS", "", "C", 62.992, 62.992, 35.434, 35.434, 0],
		[67, "NANO_13", 375, -1280, "B", "DIP", "CS", "", "C", 62.992, 62.992, 35.434, 35.434, 0],
		[68, "NANO_14", 275, -1280, "T", "DIP", "MOSI", "", "C", 62.992, 62.992, 35.434, 35.434, 0],
		[69, "NANO_14", 275, -1280, "B", "DIP", "MOSI", "", "C", 62.992, 62.992, 35.434, 35.434, 0],
		[70, "NANO_15", 175, -1280, "T", "DIP", "MISO", "", "C", 62.992, 62.992, 35.434, 35.434, 0],
		[71, "NANO_15", 175, -1280, "B", "DIP", "MISO", "", "C", 62.992, 62.992, 35.434, 35.434, 0],
		[72, "NANO_16", 175, -1880, "T", "DIP", "SCK", "", "C", 62.992, 62.992, 35.434, 35.434, 0],
		[73, "NANO_16", 175, -1880, "B", "DIP", "SCK", "", "C", 62.992, 62.992, 35.434, 35.434, 0],
		[74, "NANO_17", 275, -1880, "T", "DIP", "NET_8", "", "C", 62.992, 62.992, 35.434, 35.434, 0],
		[75, "NANO_17", 275, -1880, "B", "DIP", "NET_8", "", "C", 62.992, 62.992, 35.434, 35.434, 0],
		[76, "NANO_18", 375, -1880, "T", "DIP", "NET_9", "", "C", 62.992, 62.992, 35.434, 35.434, 0],
		[77, "NANO_18", 375, -1880, "B", "DIP", "NET_9", "", "C", 62.992, 62.992, 35.434, 35.434, 0],
		[78, "NANO_19", 475, -1880, "T", "DIP", "NET_10", "", "C", 62.992, 62.992, 35.434, 35.434, 0],
		[79, "NANO_19", 475, -1880, "B", "DIP", "NET_10", "", "C", 62.992, 62.992, 35.434, 35.434, 0],
		[80, "NANO_20", 575, -1880, "T", "DIP", "NET_11", "", "C", 62.992, 62.992, 35.434, 35.434, 0],
		[81, "NANO_20", 575, -1880, "B", "DIP", "NET_11", "", "C", 62.992, 62.992, 35.434, 35.434, 0],
		[82, "NANO_21", 675, -1880, "T", "DIP", "NET_12", "", "C", 62.992, 62.992, 35.434, 35.434, 0],
		[83, "NANO_21", 675, -1880, "B", "DIP", "NET_12", "", "C", 62.992, 62.992, 35.434, 35.434, 0],
		[84, "NANO_22", 775, -1880, "T", "DIP", "NET_13", "", "C", 62.992, 62.992, 35.434, 35.434, 0],
		[85, "NANO_22", 775, -1880, "B", "DIP", "NET_13", "", "C", 62.992, 62.992, 35.434, 35.434, 0],
		[86, "NANO_23", 875, -1880, "T", "DIP", "SDA", "", "C", 62.992, 62.992, 35.434, 35.434, 0],
		[87, "NANO_23", 875, -1880, "B", "DIP", "SDA", "", "C", 62.992, 62.992, 35.434, 35.434, 0],
		[88, "NANO_24", 975, -1880, "T", "DIP", "SCL", "", "C", 62.992, 62.992, 35.434, 35.434, 0],
		[89, "NANO_24", 975, -1880, "B", "DIP", "SCL", "", "C", 62.992, 62.992, 35.434, 35.434, 0],
		[90, "NANO_25", 1075, -1880, "T", "DIP", "NET_14", "", "C", 62.992, 62.992, 35.434, 35.434, 0],
		[91, "NANO_25", 1075, -1880, "B", "DIP", "NET_14", "", "C", 62.992, 62.992, 35.434, 35.434, 0],
		[92, "NANO_26", 1175, -1880, "T", "DIP", "NET_15", "", "C", 62.992, 62.992, 35.434, 35.434, 0],
		[93, "NANO_26", 1175, -1880, "B", "DIP", "NET_15", "", "C", 62.992, 62.992, 35.434, 35.434, 0],
		[94, "NANO_27", 1275, -1880, "T", "DIP", "+5V", "", "C", 62.992, 62.992, 35.434, 35.434, 0],
		[95, "NANO_27", 1275, -1880, "B", "DIP", "+5V", "", "C", 62.992, 62.992, 35.434, 35.434, 0],
		[96, "NANO_28", 1375, -1880, "T", "DIP", "NET_16", "", "C", 62.992, 62.992, 35.434, 35.434, 0],
		[97, "NANO_28", 1375, -1880, "B", "DIP", "NET_16", "", "C", 62.992, 62.992, 35.434, 35.434, 0],
		[98, "NANO_29", 1475, -1880, "T", "DIP", "GND", "GND", "C", 62.992, 62.992, 35.434, 35.434, 0],
		[99, "NANO_29", 1475, -1880, "B", "DIP", "GND", "GND", "C", 62.992, 62.992, 35.434, 35.434, 0],
		[100, "NANO_30", 1575, -1880, "T", "DIP", "VCC", "", "R", 62.992, 62.992, 35.434, 35.434, 0],
		[101, "NANO_30", 1575, -1880, "B", "DIP", "VCC", "", "R", 62.992, 62.992, 35.434, 35.434, 0],
		[102, "OLED_1", 482.4016, -154.9606, "T", "DIP", "GND", "GND", "R", 62.9921, 62.9921, 39.3701, 39.3701, 0],
		[103, "OLED_1", 482.4016, -154.9606, "B", "DIP", "GND", "GND", "R", 62.9921, 62.9921, 39.3701, 39.3701, 0],
		[104, "OLED_2", 580.8268, -154.9606, "T", "DIP", "+5V", "", "C", 62.9921, 62.9921, 39.3701, 39.3701, 0],
		[105, "OLED_2", 580.8268, -154.9606, "B", "DIP", "+5V", "", "C", 62.9921, 62.9921, 39.3701, 39.3701, 0],
		[106, "OLED_3", 679.252, -154.9606, "T", "DIP", "SCL", "", "C", 62.9921, 62.9921, 39.3701, 39.3701, 0],
		[107, "OLED_3", 679.252, -154.9606, "B", "DIP", "SCL", "", "C", 62.9921, 62.9921, 39.3701, 39.3701, 0],
		[108, "OLED_4", 777.6772, -154.9606, "T", "DIP", "SDA", "", "C", 62.9921, 62.9921, 39.3701, 39.3701, 0],
		[109, "OLED_4", 777.6772, -154.9606, "B", "DIP", "SDA", "", "C", 62.9921, 62.9921, 39.3701, 39.3701, 0],
		[110, "SD_READER_1", 925, -85, "T", "DIP", "CS", "", "R", 70.866, 70.866, 47.244, 47.244, 270],
		[111, "SD_READER_1", 925, -85, "B", "DIP", "CS", "", "R", 70.866, 70.866, 47.244, 47.244, 270],
		[112, "SD_READER_2", 925, -185, "T", "DIP", "SCK", "", "C", 70.866, 70.866, 47.244, 47.244, 270],
		[113, "SD_READER_2", 925, -185, "B", "DIP", "SCK", "", "C", 70.866, 70.866, 47.244, 47.244, 270],
		[114, "SD_READER_3", 925, -285, "T", "DIP", "MOSI", "", "C", 70.866, 70.866, 47.244, 47.244, 270],
		[115, "SD_READER_3", 925, -285, "B", "DIP", "MOSI", "", "C", 70.866, 70.866, 47.244, 47.244, 270],
		[116, "SD_READER_4", 925, -385, "T", "DIP", "MISO", "", "C", 70.866, 70.866, 47.244, 47.244, 270],
		[117, "SD_READER_4", 925, -385, "B", "DIP", "MISO", "", "C", 70.866, 70.866, 47.244, 47.244, 270],
		[118, "SD_READER_5", 925, -485, "T", "DIP", "+5V", "", "C", 70.866, 70.866, 47.244, 47.244, 270],
		[119, "SD_READER_5", 925, -485, "B", "DIP", "+5V", "", "C", 70.866, 70.866, 47.244, 47.244, 270],
		[120, "SD_READER_6", 925, -585, "T", "DIP", "GND", "GND", "C", 70.866, 70.866, 47.244, 47.244, 270],
		[121, "SD_READER_6", 925, -585, "B", "DIP", "GND", "GND", "C", 70.866, 70.866, 47.244, 47.244, 270],
		[122, "SPK_1", 1930, -1870, "T", "DIP", "BUZ", "", "C", 62.9921, 62.9921, 36, 36, 90],
		[123, "SPK_1", 1930, -1870, "B", "DIP", "BUZ", "", "C", 62.9921, 62.9921, 36, 36, 90],
		[124, "SPK_2", 2028.4252, -1870, "T", "DIP", "BUZ_VCC", "", "C", 62.9921, 62.9921, 36, 36, 90],
		[125, "SPK_2", 2028.4252, -1870, "B", "DIP", "BUZ_VCC", "", "C", 62.9921, 62.9921, 36, 36, 90],
		[126, "SPK_3", 2126.8504, -1870, "T", "DIP", "GND", "GND", "R", 62.9921, 62.9921, 36, 36, 90],
		[127, "SPK_3", 2126.8504, -1870, "B", "DIP", "GND", "GND", "R", 62.9921, 62.9921, 36, 36, 90],
		[128, "PAD1_29", 1475, -1880, "T", "DIP", "GND", "GND", "C", 62.992, 62.992, 35.434, 35.434, 0],
		[129, "PAD1_29", 1475, -1880, "B", "DIP", "GND", "GND", "C", 62.992, 62.992, 35.434, 35.434, 0],
		[130, "PAD2_27", 1275, -1880, "T", "DIP", "+5V", "", "C", 62.992, 62.992, 35.434, 35.434, 0],
		[131, "PAD2_27", 1275, -1880, "B", "DIP", "+5V", "", "C", 62.992, 62.992, 35.434, 35.434, 0],
		[132, "PAD3_23", 875, -1880, "T", "DIP", "SDA", "", "C", 62.992, 62.992, 35.434, 35.434, 0],
		[133, "PAD3_23", 875, -1880, "B", "DIP", "SDA", "", "C", 62.992, 62.992, 35.434, 35.434, 0],
		[134, "PAD4_15", 175, -1280, "T", "DIP", "MISO", "", "C", 62.992, 62.992, 35.434, 35.434, 0],
		[135, "PAD4_15", 175, -1280, "B", "DIP", "MISO", "", "C", 62.992, 62.992, 35.434, 35.434, 0],
		[136, "PAD5_13", 375, -1280, "T", "DIP", "CS", "", "C", 62.992, 62.992, 35.434, 35.434, 0],
		[137, "PAD5_13", 375, -1280, "B", "DIP", "CS", "", "C", 62.992, 62.992, 35.434, 35.434, 0],
		[138, "PAD6_11", 575, -1280, "T", "DIP", "LED", "", "C", 62.992, 62.992, 35.434, 35.434, 0],
		[139, "PAD6_11", 575, -1280, "B", "DIP", "LED", "", "C", 62.992, 62.992, 35.434, 35.434, 0],
		[140, "PAD7_9", 775, -1280, "T", "DIP", "BUZ_VCC", "", "C", 62.992, 62.992, 35.434, 35.434, 0],
		[141, "PAD7_9", 775, -1280, "B", "DIP", "BUZ_VCC", "", "C", 62.992, 62.992, 35.434, 35.434, 0],
		[142, "PAD8_7", 975, -1280, "T", "DIP", "TX", "", "C", 62.992, 62.992, 35.434, 35.434, 0],
		[143, "PAD8_7", 975, -1280, "B", "DIP", "TX", "", "C", 62.992, 62.992, 35.434, 35.434, 0],
		[144, "PAD9_5", 1175, -1280, "T", "DIP", "E_CLK", "", "C", 62.992, 62.992, 35.434, 35.434, 0],
		[145, "PAD9_5", 1175, -1280, "B", "DIP", "E_CLK", "", "C", 62.992, 62.992, 35.434, 35.434, 0],
		[146, "PAD10_4", 1275, -1280, "T", "DIP", "GND", "GND", "C", 62.992, 62.992, 35.434, 35.434, 0],
		[147, "PAD10_4", 1275, -1280, "B", "DIP", "GND", "GND", "C", 62.992, 62.992, 35.434, 35.434, 0],
		[148, "PAD11_6", 1075, -1280, "T", "DIP", "E_DT", "", "C", 62.992, 62.992, 35.434, 35.434, 0],
		[149, "PAD11_6", 1075, -1280, "B", "DIP", "E_DT", "", "C", 62.992, 62.992, 35.434, 35.434, 0],
		[150, "PAD12_8", 875, -1280, "T", "DIP", "RX", "", "C", 62.992, 62.992, 35.434, 35.434, 0],
		[151, "PAD12_8", 875, -1280, "B", "DIP", "RX", "", "C", 62.992, 62.992, 35.434, 35.434, 0],
		[152, "PAD13_10", 675, -1280, "T", "DIP", "E_SW", "", "C", 62.992, 62.992, 35.434, 35.434, 0],
		[153, "PAD13_10", 675, -1280, "B", "DIP", "E_SW", "", "C", 62.992, 62.992, 35.434, 35.434, 0],
		[154, "PAD14_12", 475, -1280, "T", "DIP", "BUZ", "", "C", 62.992, 62.992, 35.434, 35.434, 0],
		[155, "PAD14_12", 475, -1280, "B", "DIP", "BUZ", "", "C", 62.992, 62.992, 35.434, 35.434, 0],
		[156, "PAD15_14", 275, -1280, "T", "DIP", "MOSI", "", "C", 62.992, 62.992, 35.434, 35.434, 0],
		[157, "PAD15_14", 275, -1280, "B", "DIP", "MOSI", "", "C", 62.992, 62.992, 35.434, 35.434, 0],
		[158, "PAD16_16", 175, -1880, "T", "DIP", "SCK", "", "C", 62.992, 62.992, 35.434, 35.434, 0],
		[159, "PAD16_16", 175, -1880, "B", "DIP", "SCK", "", "C", 62.992, 62.992, 35.434, 35.434, 0],
		[160, "PAD17_24", 975, -1880, "T", "DIP", "SCL", "", "C", 62.992, 62.992, 35.434, 35.434, 0],
		[161, "PAD17_24", 975, -1880, "B", "DIP", "SCL", "", "C", 62.992, 62.992, 35.434, 35.434, 0],
		[162, "PAD18_30", 1575, -1880, "T", "DIP", "VCC", "", "R", 62.992, 62.992, 35.434, 35.434, 0],
		[163, "PAD18_30", 1575, -1880, "B", "DIP", "VCC", "", "R", 62.992, 62.992, 35.434, 35.434, 0],
		[164, "PAD19_1", 482.4016, -154.9606, "T", "DIP", "GND", "GND", "R", 62.9921, 62.9921, 39.3701, 39.3701, 0],
		[165, "PAD19_1", 482.4016, -154.9606, "B", "DIP", "GND", "GND", "R", 62.9921, 62.9921, 39.3701, 39.3701, 0],
		[166, "PAD20_2", 580.8268, -154.9606, "T", "DIP", "+5V", "", "C", 62.9921, 62.9921, 39.3701, 39.3701, 0],
		[167, "PAD20_2", 580.8268, -154.9606, "B", "DIP", "+5V", "", "C", 62.9921, 62.9921, 39.3701, 39.3701, 0],
		[168, "PAD21_3", 679.252, -154.9606, "T", "DIP", "SCL", "", "C", 62.9921, 62.9921, 39.3701, 39.3701, 0],
		[169, "PAD21_3", 679.252, -154.9606, "B", "DIP", "SCL", "", "C", 62.9921, 62.9921, 39.3701, 39.3701, 0],
		[170, "PAD22_4", 777.6772, -154.9606, "T", "DIP", "SDA", "", "C", 62.9921, 62.9921, 39.3701, 39.3701, 0],
		[171, "PAD22_4", 777.6772, -154.9606, "B", "DIP", "SDA", "", "C", 62.9921, 62.9921, 39.3701, 39.3701, 0],
		[172, "PAD23_1", 1930, -1870, "T", "DIP", "BUZ", "", "C", 62.9921, 62.9921, 36, 36, 90],
		[173, "PAD23_1", 1930, -1870, "B", "DIP", "BUZ", "", "C", 62.9921, 62.9921, 36, 36, 90],
		[174, "PAD24_2", 2028.4252, -1870, "T", "DIP", "BUZ_VCC", "", "C", 62.9921, 62.9921, 36, 36, 90],
		[175, "PAD24_2", 2028.4252, -1870, "B", "DIP", "BUZ_VCC", "", "C", 62.9921, 62.9921, 36, 36, 90],
		[176, "PAD25_3", 2126.8504, -1870, "T", "DIP", "GND", "GND", "R", 62.9921, 62.9921, 36, 36, 90],
		[177, "PAD25_3", 2126.8504, -1870, "B", "DIP", "GND", "GND", "R", 62.9921, 62.9921, 36, 36, 90],
		[178, "PAD26_1", 175, -1090, "T", "DIP", "+5V", "", "C", 62.9921, 62.9921, 36, 36, 0],
		[179, "PAD26_1", 175, -1090, "B", "DIP", "+5V", "", "C", 62.9921, 62.9921, 36, 36, 0],
		[180, "PAD27_2", 175, -991.5748, "T", "DIP", "GND", "GND", "R", 62.9921, 62.9921, 36, 36, 0],
		[181, "PAD27_2", 175, -991.5748, "B", "DIP", "GND", "GND", "R", 62.9921, 62.9921, 36, 36, 0],
		[182, "PAD28_3", 175, -893.1496, "T", "DIP", "SCL", "", "C", 62.9921, 62.9921, 36, 36, 0],
		[183, "PAD28_3", 175, -893.1496, "B", "DIP", "SCL", "", "C", 62.9921, 62.9921, 36, 36, 0],
		[184, "PAD29_4", 175, -794.7244, "T", "DIP", "SDA", "", "C", 62.9921, 62.9921, 36, 36, 0],
		[185, "PAD29_4", 175, -794.7244, "B", "DIP", "SDA", "", "C", 62.9921, 62.9921, 36, 36, 0],
		[186, "PAD30_1", 290, -1525, "T", "DIP", "VCC", "", "R", 66.929, 66.929, 39.37, 39.37, 270],
		[187, "PAD30_1", 290, -1525, "B", "DIP", "VCC", "", "R", 66.929, 66.929, 39.37, 39.37, 270],
		[188, "PAD31_2", 290, -1625, "T", "DIP", "GND", "GND", "C", 66.929, 66.929, 39.37, 39.37, 270],
		[189, "PAD31_2", 290, -1625, "B", "DIP", "GND", "GND", "C", 66.929, 66.929, 39.37, 39.37, 270],
		[190, "PAD32_1", 2170, -150, "T", "DIP", "E_CLK", "", "C", 62.9921, 62.9921, 36, 36, 0],
		[191, "PAD32_1", 2170, -150, "B", "DIP", "E_CLK", "", "C", 62.9921, 62.9921, 36, 36, 0],
		[192, "PAD33_2", 2170, -248.4252, "T", "DIP", "E_DT", "", "C", 62.9921, 62.9921, 36, 36, 0],
		[193, "PAD33_2", 2170, -248.4252, "B", "DIP", "E_DT", "", "C", 62.9921, 62.9921, 36, 36, 0],
		[194, "PAD34_3", 2170, -346.8504, "T", "DIP", "E_SW", "", "C", 62.9921, 62.9921, 36, 36, 0],
		[195, "PAD34_3", 2170, -346.8504, "B", "DIP", "E_SW", "", "C", 62.9921, 62.9921, 36, 36, 0],
		[196, "PAD35_4", 2170, -445.2756, "T", "DIP", "+5V", "", "C", 62.9921, 62.9921, 36, 36, 0],
		[197, "PAD35_4", 2170, -445.2756, "B", "DIP", "+5V", "", "C", 62.9921, 62.9921, 36, 36, 0],
		[198, "PAD36_5", 2170, -543.7008, "T", "DIP", "GND", "GND", "R", 62.9921, 62.9921, 36, 36, 0],
		[199, "PAD36_5", 2170, -543.7008, "B", "DIP", "GND", "GND", "R", 62.9921, 62.9921, 36, 36, 0],
		[200, "PAD37_1", 2239.999, -1459.997, "T", "DIP", "+5V", "", "C", 60, 60, 39.37, 39.37, 0],
		[201, "PAD37_1", 2239.999, -1459.997, "B", "DIP", "+5V", "", "C", 60, 60, 39.37, 39.37, 0],
		[202, "PAD38_2", 2239.999, -1359.997, "T", "DIP", "TX", "", "C", 60, 60, 39.37, 39.37, 0],
		[203, "PAD38_2", 2239.999, -1359.997, "B", "DIP", "TX", "", "C", 60, 60, 39.37, 39.37, 0],
		[204, "PAD39_3", 2239.999, -1259.997, "T", "DIP", "RX", "", "C", 60, 60, 39.37, 39.37, 0],
		[205, "PAD39_3", 2239.999, -1259.997, "B", "DIP", "RX", "", "C", 60, 60, 39.37, 39.37, 0],
		[206, "PAD40_4", 2239.999, -1159.997, "T", "DIP", "GND", "GND", "C", 60, 60, 39.37, 39.37, 0],
		[207, "PAD40_4", 2239.999, -1159.997, "B", "DIP", "GND", "GND", "C", 60, 60, 39.37, 39.37, 0],
		[208, "PAD41_1", 1265, -955, "T", "SMD", "GND", "GND", "R", 60, 60, 0, 0, 0],
		[209, "PAD42_2", 1265, -1033.7402, "T", "SMD", "LED", "", "C", 60, 60, 0, 0, 0],
		[210, "PAD43_3", 1265, -1112.4804, "T", "SMD", "+5V", "", "C", 60, 60, 0, 0, 0],
		[211, "PAD44_6", 925, -585, "T", "DIP", "GND", "GND", "C", 70.866, 70.866, 47.244, 47.244, 270],
		[212, "PAD44_6", 925, -585, "B", "DIP", "GND", "GND", "C", 70.866, 70.866, 47.244, 47.244, 270],
		[213, "PAD45_5", 925, -485, "T", "DIP", "+5V", "", "C", 70.866, 70.866, 47.244, 47.244, 270],
		[214, "PAD45_5", 925, -485, "B", "DIP", "+5V", "", "C", 70.866, 70.866, 47.244, 47.244, 270],
		[215, "PAD46_4", 925, -385, "T", "DIP", "MISO", "", "C", 70.866, 70.866, 47.244, 47.244, 270],
		[216, "PAD46_4", 925, -385, "B", "DIP", "MISO", "", "C", 70.866, 70.866, 47.244, 47.244, 270],
		[217, "PAD47_3", 925, -285, "T", "DIP", "MOSI", "", "C", 70.866, 70.866, 47.244, 47.244, 270],
		[218, "PAD47_3", 925, -285, "B", "DIP", "MOSI", "", "C", 70.866, 70.866, 47.244, 47.244, 270],
		[219, "PAD48_2", 925, -185, "T", "DIP", "SCK", "", "C", 70.866, 70.866, 47.244, 47.244, 270],
		[220, "PAD48_2", 925, -185, "B", "DIP", "SCK", "", "C", 70.866, 70.866, 47.244, 47.244, 270],
		[221, "PAD49_1", 925, -85, "T", "DIP", "CS", "", "R", 70.866, 70.866, 47.244, 47.244, 270],
		[222, "PAD49_1", 925, -85, "B", "DIP", "CS", "", "R", 70.866, 70.866, 47.244, 47.244, 270]
	]
}
}